int abs(int x),
int asprintf(char **strp, const char *fmt, ...),
int atoi(const char *nptr),
int close(int fd),
int execl(const char *path, const char *arg, ...),
void exit(int status),
int fclose(FILE *stream),
int fflush(FILE *stream),
FILE *fopen(const char *path, const char *mode),
pid_t fork(void),
int fprintf(FILE *stream, const char *format, ...),
size_t fread(void *ptr, size_t size, size_t nmemb, FILE *stream),
void free(void *ptr),
int fscanf(FILE *stream, const char *format, ...),
int fseek(FILE *stream, long offset, int whence),
long ftell(FILE *stream),
int ftruncate(int fd, off_t length),
size_t fwrite(const void *ptr, size_t size, size_t nmemb, FILE *stream),
ssize_t getline(char **lineptr, size_t *n, FILE *stream),
pid_t getpid(void),
pid_t getppid(void),
pid_t gettid(void),
int kill(pid_t pid, int sig),
void *malloc(size_t size),
int mkfifo(const char *pathname, mode_t mode),
void *mmap(void *addr, size_t length, int prot, int flags, int fd, off_t offset),
int munmap(void *addr, size_t length),
int open(const char *pathname, int flags, ...),
int pause(void),
void perror(const char *s),
int pipe(int pipefd[2]),
int printf(const char *format, ...),
int pthread_barrier_destroy(pthread_barrier_t *barrier),
int pthread_barrier_init(pthread_barrier_t *restrict barrier, const pthread_barrierattr_t *restrict attr, unsigned int count),
int pthread_barrier_wait(pthread_barrier_t *barrier),
int pthread_cond_broadcast(pthread_cond_t *cond),
int pthread_cond_destroy(pthread_cond_t *cond),
int pthread_cond_init(pthread_cond_t *restrict cond, const pthread_condattr_t *restrict attr),
int pthread_cond_signal(pthread_cond_t *cond),
int pthread_cond_wait(pthread_cond_t *restrict cond, pthread_mutex_t *restrict mutex),
int pthread_create(pthread_t *thread, const pthread_attr_t *attr, void *(*start_routine)(void *), void *arg),
int pthread_detach(pthread_t thread),
void pthread_exit(void *retval),
int pthread_join(pthread_t thread, void **retval),
int pthread_mutex_destroy(pthread_mutex_t *mutex),
int pthread_mutex_init(pthread_mutex_t *restrict mutex, const pthread_mutexattr_t *restrict attr),
int pthread_mutex_lock(pthread_mutex_t *mutex),
int pthread_mutex_unlock(pthread_mutex_t *mutex),
int pthread_sigmask(int how, const sigset_t *restrict set, sigset_t *restrict oldset),
int puts(const char *s),
void qsort(void *base, size_t nmemb, size_t size, int (*compar)(const void *, const void *)),
int rand(void),
long int random(void),
ssize_t read(int fd, void *buf, size_t count),
void *realloc(void *ptr, size_t size),
void rewind(FILE *stream),
int scanf(const char *format, ...),
int sched_yield(void),
int sem_close(sem_t *sem),
int sem_destroy(sem_t *sem),
int sem_init(sem_t *sem, int pshared, unsigned int value),
sem_t *sem_open(const char *name, int oflag, ...),
int sem_post(sem_t *sem),
int sem_unlink(const char *name),
int sem_wait(sem_t *sem),
int shm_open(const char *name, int oflag, mode_t mode),
int shm_unlink(const char *name),
int sigaction(int signum, const struct sigaction *act, struct sigaction *oldact),
int sigaddset(sigset_t *set, int signum),
int sigdelset(sigset_t *set, int signum),
int sigemptyset(sigset_t *set),
int sigfillset(sigset_t *set),
int sigqueue(pid_t pid, int sig, const union sigval value),
int sigwait(const sigset_t *set, int *sig),
int sigwaitinfo(const sigset_t *set, siginfo_t *info),
unsigned int sleep(unsigned int seconds),
double sqrt(double x),
void srand(unsigned int seed),
void srandom(unsigned int seed),
int strcmp(const char *s1, const char *s2),
char *strdup(const char *s),
char *strerror(int errnum),
int strerror_r(int errnum, char *buf, size_t buflen),
size_t strlen(const char *s),
char *strtok(char *restrict s, const char *restrict delim),
time_t time(time_t *tloc),
pid_t wait(int *wstatus),
ssize_t write(int fd, const void *buf, size_t count)
